Source,dof,Q,p-unc
motion_combo,59,141.62675832478075,9.510629610985643e-09
