Source,dof,Q,p-unc
device_combo,2,0.7867648702059862,0.6747706422549421
