Source,SS,ddof1,ddof2,MS,F,p-unc,p-GG-corr,np2,eps
device_combo,4.505419388991603,6,24,0.7509032314986005,3.526634675340083,0.012053645271351695,0.09490451705492735,0.46855398560721767,0.27642051186528815
motion_combo,5.711316548866139,14,56,0.4079511820618671,7.097547082620921,4.0528789713258454e-08,0.005559254267025958,0.6395599883271398,0.21178620368334777
device_combo * motion_combo,4.489874081836727,84,336,0.053450881926627704,1.2178081794522302,0.11558643853441222,0.3461601202229622,0.23339458591980602,0.031441980003392114
