Feature,Chi-Square_A,Chi-Square_B,Harmonic Mean
X-SPES4,16.188780487804877,17.88578112940571,16.99502331443787
