Feature,Chi-Square_A,Chi-Square_B,Harmonic Mean
X-TLX1_1,25.088794495385667,24.0745424787978,24.571206349892904
