Feature,Chi-Square_A,Chi-Square_B,Harmonic Mean
XRW-TLX4_1,36.25664893617021,30.72631578947368,33.263181145947456
